,total_bet,total_return,profit,roi,num_bets
ELO,21000.0,20851.27571507051,-148.72428492948893,-0.708210880616614,210.0
Rank Centrality,16400.0,14159.90510843016,-2240.094891569839,-13.65911519249902,164.0
XGBoost,18700.0,18916.218127537075,216.2181275370749,1.1562466713212562,187.0
Random Forest,16500.0,15574.706242800972,-925.2937571990278,-5.607840952721381,165.0
