,total_bet,total_return,profit,roi,num_bets
ELO,20900.0,22753.9443402759,1853.9443402758989,8.870547082659803,209.0
Rank Centrality,17400.0,17396.619874843534,-3.3801251564655104,-0.019426006646353508,174.0
XGBoost,17100.0,17630.122956523126,530.122956523126,3.1001342486732515,171.0
Random Forest,17700.0,18408.0379779876,708.0379779875984,4.000214564901686,177.0
